429984,4625350,2355072,pv,1511658000
429984,4625350,2355072,pv,1511658000
429984,4625350,2355072,pv,1511658000
429984,4625350,2355072,pv,1511658000
429984,4625350,2355072,pv,1511658000
429984,4625350,2355072,pv,1511658000
429984,4625350,2355072,pv,1511658000
429984,4625350,2355072,pv,1511658000
429984,4625350,2355072,pv,1511658000
429984,4625350,2355072,pv,1511658000
429984,4625350,2355072,pv,1511658000
429984,4625350,2355072,pv,1511658000
429984,4625350,2355072,pv,1511658000
429984,4625350,2355072,pv,1511658000
429984,4625350,2355072,pv,1511658000
429984,4625350,2355072,pv,1511658000
429984,4625350,2355072,pv,1511658000
429984,4625350,2355072,pv,1511658000
429984,4625350,2355072,pv,1511658000
429984,4625350,2355072,pv,1511658000
429984,4625350,2355072,pv,1511658000
429984,4625350,2355072,pv,1511658000
429984,4625350,2355072,pv,1511658000
429984,4625350,2355072,pv,1511658000
429984,4625350,2355072,pv,1511658000
